Code,Attended
0000,False
0001,False
0002,False
0003,False
0004,False
0005,False
0006,False
0007,False
0008,False
0009,False
0010,False
0011,False
0012,False
0013,False
0014,False
0015,False
0016,False
0017,False
0018,False
0019,False
0020,False
0021,False
0022,False
0023,False
0024,False
0025,False
0026,False
0027,False
0028,False
0029,False
0030,False
0031,False
0032,False
0033,False
0034,False
0035,False
0036,False
0037,False
0038,False
0039,False
0040,False
0041,False
0042,False
0043,False
0044,False
0045,False
0046,False
0047,False
0048,False
0049,False
0050,False
0051,False
0052,False
0053,False
0054,False
0055,False
0056,False
0057,False
0058,False
0059,False
0060,False
0061,False
0062,False
0063,False
0064,False
0065,False
0066,False
0067,False
0068,False
0069,False
0070,False
0071,False
0072,False
0073,False
0074,False
0075,False
0076,False
0077,False
0078,False
0079,False
0080,False
0081,False
0082,False
0083,False
0084,False
0085,False
0086,False
0087,False
0088,False
0089,False
0090,False
0091,False
0092,False
0093,False
0094,False
0095,False
0096,False
0097,False
0098,False
0099,False
0100,False
0101,False
0102,False
0103,False
0104,False
0105,False
0106,False
0107,False
0108,False
0109,False
0110,False
0111,False
0112,False
0113,False
0114,False
0115,False
0116,False
0117,False
0118,False
0119,False
0120,False
0121,False
0122,False
0123,False
0124,False
0125,False
0126,False
0127,False
0128,False
0129,False
0130,False
0131,False
0132,False
0133,False
0134,False
0135,False
0136,False
0137,False
0138,False
0139,False
0140,False
0141,False
0142,False
0143,False
0144,False
0145,False
0146,False
0147,False
0148,False
0149,False
0150,False
0151,False
0152,False
0153,False
0154,False
0155,False
0156,False
0157,False
0158,False
0159,False
0160,False
0161,False
0162,False
0163,False
0164,False
0165,False
0166,False
0167,False
0168,False
0169,False
0170,False
0171,False
0172,False
0173,False
0174,False
0175,False
0176,False
0177,False
0178,False
0179,False
0180,False
0181,False
0182,False
0183,False
0184,False
0185,False
0186,False
0187,False
0188,False
0189,False
0190,False
0191,False
0192,False
0193,False
0194,False
0195,False
0196,False
0197,False
0198,False
0199,False
0200,False
0201,False
0202,False
0203,False
0204,False
0205,False
0206,False
0207,False
0208,False
0209,False
0210,False
0211,False
0212,False
0213,False
0214,False
0215,False
0216,False
0217,False
0218,False
0219,False
0220,False
0221,False
0222,False
0223,False
0224,False
0225,False
0226,False
0227,False
0228,False
0229,False
0230,False
0231,False
0232,False
0233,False
0234,False
0235,False
0236,False
0237,False
0238,False
0239,False
0240,False
0241,False
0242,False
0243,False
0244,False
0245,False
0246,False
0247,False
0248,False
0249,False
0250,False
0251,False
0252,False
0253,False
0254,False
0255,False
0256,False
0257,False
0258,False
0259,False
0260,False
0261,False
0262,False
0263,False
0264,False
0265,False
0266,False
0267,False
0268,False
0269,False
0270,False
0271,False
0272,False
0273,False
0274,False
0275,False
0276,False
0277,False
0278,False
0279,False
0280,False
0281,False
0282,False
0283,False
0284,False
0285,False
0286,False
0287,False
0288,False
0289,False
0290,False
0291,False
0292,False
0293,False
0294,False
0295,False
0296,False
0297,False
0298,False
0299,False
0300,False
0301,False
0302,False
0303,False
0304,False
0305,False
0306,False
0307,False
0308,False
0309,False
0310,False
0311,False
0312,False
0313,False
0314,False
0315,False
0316,False
0317,False
0318,False
0319,False
0320,False
0321,False
0322,False
0323,False
0324,False
0325,False
0326,False
0327,False
0328,False
0329,False
0330,False
0331,False
0332,False
0333,False
0334,False
0335,False
0336,False
0337,False
0338,False
0339,False
0340,False
0341,False
0342,False
0343,False
0344,False
0345,False
0346,False
0347,False
0348,False
0349,False
0350,False
0351,False
0352,False
0353,False
0354,False
0355,False
0356,False
0357,False
0358,False
0359,False
0360,False
0361,False
0362,False
0363,False
0364,False
0365,False
0366,False
0367,False
0368,False
0369,False
0370,False
0371,False
0372,False
0373,False
0374,False
0375,False
0376,False
0377,False
0378,False
0379,False
0380,False
0381,False
0382,False
0383,False
0384,False
0385,False
0386,False
0387,False
0388,False
0389,False
0390,False
0391,False
0392,False
0393,False
0394,False
0395,False
0396,False
0397,False
0398,False
0399,False
0400,False
0401,False
0402,False
0403,False
0404,False
0405,False
0406,False
0407,False
0408,False
0409,False
0410,False
0411,False
0412,False
0413,False
0414,False
0415,False
0416,False
0417,False
0418,False
0419,False
0420,False
0421,False
0422,False
0423,False
0424,False
0425,False
0426,False
0427,False
0428,False
0429,False
0430,False
0431,False
0432,False
0433,False
0434,False
0435,False
0436,False
0437,False
0438,False
0439,False
0440,False
0441,False
0442,False
0443,False
0444,False
0445,False
0446,False
0447,False
0448,False
0449,False
0450,False
0451,False
0452,False
0453,False
0454,False
0455,False
0456,False
0457,False
0458,False
0459,False
0460,False
0461,False
0462,False
0463,False
0464,False
0465,False
0466,False
0467,False
0468,False
0469,False
0470,False
0471,False
0472,False
0473,False
0474,False
0475,False
0476,False
0477,False
0478,False
0479,False
0480,False
0481,False
0482,False
0483,False
0484,False
0485,False
0486,False
0487,False
0488,False
0489,False
0490,False
0491,False
0492,False
0493,False
0494,False
0495,False
0496,False
0497,False
0498,False
0499,False
0500,False
0501,False
0502,False
0503,False
0504,False
0505,False
0506,False
0507,False
0508,False
0509,False
0510,False
0511,False
0512,False
0513,False
0514,False
0515,False
0516,False
0517,False
0518,False
0519,False
0520,False
0521,False
0522,False
0523,False
0524,False
0525,False
0526,False
0527,False
0528,False
0529,False
0530,False
0531,False
0532,False
0533,False
0534,False
0535,False
0536,False
0537,False
0538,False
0539,False
0540,False
0541,False
0542,False
0543,False
0544,False
0545,False
0546,False
0547,False
0548,False
0549,False
0550,False
0551,False
0552,False
0553,False
0554,False
0555,False
0556,False
0557,False
0558,False
0559,False
0560,False
0561,False
0562,False
0563,False
0564,False
0565,False
0566,False
0567,False
0568,False
0569,False
0570,False
0571,False
0572,False
0573,False
0574,False
0575,False
0576,False
0577,False
0578,False
0579,False
0580,False
0581,False
0582,False
0583,False
0584,False
0585,False
0586,False
0587,False
0588,False
0589,False
0590,False
0591,False
0592,False
0593,False
0594,False
0595,False
0596,False
0597,False
0598,False
0599,False
0600,False
0601,False
0602,False
0603,False
0604,False
0605,False
0606,False
0607,False
0608,False
0609,False
0610,False
0611,False
0612,False
0613,False
0614,False
0615,False
0616,False
0617,False
0618,False
0619,False
0620,False
0621,False
0622,False
0623,False
0624,False
0625,False
0626,False
0627,False
0628,False
0629,False
0630,False
0631,False
0632,False
0633,False
0634,False
0635,False
0636,False
0637,False
0638,False
0639,False
0640,False
0641,False
0642,False
0643,False
0644,False
0645,False
0646,False
0647,False
0648,False
0649,False
0650,False
0651,False
0652,False
0653,False
0654,False
0655,False
0656,False
0657,False
0658,False
0659,False
0660,False
0661,False
0662,False
0663,False
0664,False
0665,False
0666,False
0667,False
0668,False
0669,False
0670,False
0671,False
0672,False
0673,False
0674,False
0675,False
0676,False
0677,False
0678,False
0679,False
0680,False
0681,False
0682,False
0683,False
0684,False
0685,False
0686,False
0687,False
0688,False
0689,False
0690,False
0691,False
0692,False
0693,False
0694,False
0695,False
0696,False
0697,False
0698,False
0699,False
